"RFRUN","RFSEQ","RFFILE","RFFORMAT","RFFLDNAME","RFFLDVAL","RFDBFILE","RFDBFIELD"
504,2,"PI1000D","PI100010","*KEY","ENT","",""
504,2,"PI1000D","PI100010","SCID","10","",""
504,2,"PI1000D","PI100010","SWHSE","097","",""
504,3,"PI1000D","PI100070","*KEY","ENT","",""
504,3,"PI1000D","PI100070","SCID","70","",""
504,3,"PI1000D","PI100070","SPONUM","0755724","",""
504,4,"PI1000D","PI100020","*KEY","ENT","",""
504,4,"PI1000D","PI100020","FLD","SAPDAT","",""
504,4,"PI1000D","PI100020","POS20","0001","",""
504,4,"PI1000D","PI100020","PRVEADR","gedalya@atntrading.com","",""
504,4,"PI1000D","PI100020","RCD","PI100020","",""
504,4,"PI1000D","PI100020","SAPPT2","WHEELS 10/11","",""
504,4,"PI1000D","PI100020","SCEADR","gedalya@atntrading.com","",""
504,4,"PI1000D","PI100020","SCID","20","",""
504,4,"PI1000D","PI100020","SFRTCG","0246600","",""
504,5,"PI1000D","PI100030","*KEY","F5","",""
504,5,"PI1000D","PI100030","SCID","30","",""
504,6,"PI1000D","PI100060","*KEY","F10","",""
504,6,"PI1000D","PI100060","SCID","60","",""
504,7,"PI1000D","PI100090","*KEY","F2","",""
504,7,"PI1000D","PI100090","SCID","90","",""
504,7,"PI1000D","PI100090","SCOVER","Y","",""
504,7,"PI1000D","PI100090","SFAXFR","ANGELIQUE MUNOZ","",""
504,7,"PI1000D","PI100090","SFAXTO","GEDALYA SHAMES       GEDA","",""
504,7,"PI1000D","PI100090","SSCFAX","(847) 205-4434","",""
504,7,"PI1000D","PI100090","SVMFAX","(847) 205-4434","",""
504,8,"PI1000D","PI100070","*KEY","F7","",""
504,8,"PI1000D","PI100070","SCID","70","",""
505,2,"PI1000D","PI100010","*KEY","ENT","",""
505,2,"PI1000D","PI100010","SCID","10","",""
505,2,"PI1000D","PI100010","SWHSE","097","",""
505,3,"PI1000D","PI100070","*KEY","ENT","",""
505,3,"PI1000D","PI100070","SCID","70","",""
505,3,"PI1000D","PI100070","SPONUM","0769142","",""
505,4,"PI1000D","PI100020","*KEY","ENT","",""
505,4,"PI1000D","PI100020","FLD","SAPDAT","",""
505,4,"PI1000D","PI100020","POS20","0001","",""
505,4,"PI1000D","PI100020","PRVEADR","gedalya@atntrading.com","",""
505,4,"PI1000D","PI100020","RCD","PI100020","",""
505,4,"PI1000D","PI100020","SAPPT2","WHEELS 11/26","",""
505,4,"PI1000D","PI100020","SAPPT3","ARRVD 12-04-18@1226","",""
505,4,"PI1000D","PI100020","SCEADR","gedalya@atntrading.com","",""
505,4,"PI1000D","PI100020","SCID","20","",""
505,4,"PI1000D","PI100020","SFRTCG","0278100","",""
505,5,"PI1000D","PI100030","*KEY","F5","",""
505,5,"PI1000D","PI100030","SCID","30","",""
505,6,"PI1000D","PI100060","*KEY","F1","",""
505,6,"PI1000D","PI100060","SCID","60","",""
505,7,"PI1000D","PI100030","*KEY","F7","",""
505,7,"PI1000D","PI100030","SCID","30","",""
506,2,"PI1000D","PI100010","*KEY","ENT","",""
506,2,"PI1000D","PI100010","SCID","10","",""
506,2,"PI1000D","PI100010","SWHSE","097","",""
506,3,"PI1000D","PI100070","*KEY","ENT","",""
506,3,"PI1000D","PI100070","SCID","70","",""
506,3,"PI1000D","PI100070","SPONUM","0772848","",""
506,4,"PI1000D","PI100020","*KEY","ENT","",""
506,4,"PI1000D","PI100020","FLD","SAPDAT","",""
506,4,"PI1000D","PI100020","POS20","0001","",""
506,4,"PI1000D","PI100020","RCD","PI100020","",""
506,4,"PI1000D","PI100020","SCID","20","",""
506,5,"PI1000D","PI100030","*KEY","F5","",""
506,5,"PI1000D","PI100030","SCID","30","",""
506,6,"PI1000D","PI100060","*KEY","F1","",""
506,6,"PI1000D","PI100060","SCID","60","",""
506,7,"PI1000D","PI100030","*KEY","F7","",""
506,7,"PI1000D","PI100030","SCID","30","",""
508,2,"PI1000D","PI100010","*KEY","ENT","",""
508,2,"PI1000D","PI100010","SCID","10","",""
508,2,"PI1000D","PI100010","SWHSE","097","",""
508,3,"PI1000D","PI100070","*KEY","ENT","",""
508,3,"PI1000D","PI100070","SCID","70","",""
508,3,"PI1000D","PI100070","SPONUM","0770880","",""
508,4,"PI1000D","PI100020","*KEY","ENT","",""
508,4,"PI1000D","PI100020","FLD","SAPDAT","",""
508,4,"PI1000D","PI100020","POS20","0001","",""
508,4,"PI1000D","PI100020","RCD","PI100020","",""
508,4,"PI1000D","PI100020","SCID","20","",""
508,5,"PI1000D","PI100030","*KEY","F10","",""
508,5,"PI1000D","PI100030","SCID","30","",""
508,6,"PI1000D","PI100090","*KEY","F2","",""
508,6,"PI1000D","PI100090","SCID","90","",""
508,6,"PI1000D","PI100090","SCOVER","Y","",""
508,6,"PI1000D","PI100090","SFAXFR","PUBLIC WHSE","",""
508,6,"PI1000D","PI100090","SFAXTO","ORDERS","",""
508,6,"PI1000D","PI100090","SSCFAX","(707) 569-8301","",""
508,6,"PI1000D","PI100090","SVMFAX","(707) 569-8301","",""
508,7,"PI1000D","PI100070","*KEY","F7","",""
508,7,"PI1000D","PI100070","SCID","70","",""
509,2,"IN4000D","IN400010","*KEY","ENT","",""
509,2,"IN4000D","IN400010","SRECID","A","",""
509,2,"IN4000D","IN400010","SVNAME","A","",""
509,3,"IN4000D","IN400020","*KEY","ENT","",""
509,3,"IN4000D","IN400020","SMVND2","X","",""
509,3,"IN4000D","IN400020","SRECID","B","",""
509,4,"IN4000D","IN400040","*KEY","F5","",""
509,4,"IN4000D","IN400040","SRECID","D","",""
509,5,"IN4000D","IN400080","*KEY","F6","",""
509,5,"IN4000D","IN400080","SRECID","H","",""
509,6,"IN4000D","IN400020","*KEY","ENT","",""
509,6,"IN4000D","IN400020","SMVND2","X","",""
509,6,"IN4000D","IN400020","SRECID","B","",""
509,7,"IN4000D","IN400040","*KEY","F7","",""
509,7,"IN4000D","IN400040","SRECID","D","",""
510,2,"IN4000D","IN400010","*KEY","ENT","",""
510,2,"IN4000D","IN400010","SRECID","A","",""
510,2,"IN4000D","IN400010","SVNAME","A","",""
510,3,"IN4000D","IN400020","*KEY","ENT","",""
510,3,"IN4000D","IN400020","SMVND2","X","",""
510,3,"IN4000D","IN400020","SRECID","B","",""
510,4,"IN4000D","IN400040","*KEY","F7","",""
510,4,"IN4000D","IN400040","SRECID","D","",""
511,2,"PI1000D","PI100010","*KEY","ENT","",""
511,2,"PI1000D","PI100010","SCID","10","",""
511,2,"PI1000D","PI100010","SWHSE","097","",""
511,3,"PI1000D","PI100070","*KEY","ENT","",""
511,3,"PI1000D","PI100070","SCID","70","",""
511,3,"PI1000D","PI100070","SPONUM","0770033","",""
511,4,"PI1000D","PI100020","*KEY","ENT","",""
511,4,"PI1000D","PI100020","FLD","SAPDAT","",""
511,4,"PI1000D","PI100020","POS20","0001","",""
511,4,"PI1000D","PI100020","RCD","PI100020","",""
511,4,"PI1000D","PI100020","SCID","20","",""
511,5,"PI1000D","PI100030","*KEY","F7","",""
511,5,"PI1000D","PI100030","SCID","30","",""
514,3,"FM1800D","FM180010","*KEY","ENT","",""
514,3,"FM1800D","FM180010","SRGNCD","3","",""
514,3,"FM1800D","FM180010","SSCNID","10","",""
514,4,"FM1800D","FM180020","*KEY","ENT","",""
514,4,"FM1800D","FM180020","SREMAD","smorgan@cfgo.com","",""
514,4,"FM1800D","FM180020","SRGNDS","SHELDON MORGAN - NEW","",""
514,4,"FM1800D","FM180020","SSCNID","20","",""
514,5,"FM1800D","FM180010","*KEY","ENT","",""
514,5,"FM1800D","FM180010","SRGNCD","5","",""
514,5,"FM1800D","FM180010","SSCNID","10","",""
514,6,"FM1800D","FM180020","*KEY","ENT","",""
514,6,"FM1800D","FM180020","SREMAD","jshaffer@cfgo.com","",""
514,6,"FM1800D","FM180020","SRGNDS","JEFF SHAFFER - NEWER","",""
514,6,"FM1800D","FM180020","SSCNID","20","",""
514,7,"FM1800D","FM180010","*KEY","F7","",""
514,7,"FM1800D","FM180010","SSCNID","10","",""
516,3,"AD1070D","FMT01","*KEY","ENT","",""
517,3,"AD1070D","FMT01","*KEY","F3","",""
518,3,"AD1070D","FMT01","*KEY","ENT","",""
518,4,"AD1070D","FMT01","*KEY","ENT","",""
518,5,"AD1070D","FMT01","*KEY","F3","",""
519,3,"AD1070D","FMT01","*KEY","ENT","",""
519,3,"AD1070D","FMT01","EADL","N","",""
519,3,"AD1070D","FMT01","ETRND","N","",""
519,3,"AD1070D","FMT01","EVERD","N","",""
519,3,"AD1070D","FMT01","PADL","N","",""
519,3,"AD1070D","FMT01","PTRND","N","",""
519,3,"AD1070D","FMT01","PVERD","N","",""
519,3,"AD1070D","FMT01","SDATE","050119","",""
520,3,"AD1070D","FMT01","*KEY","ENT","",""
520,3,"AD1070D","FMT01","EADL","N","",""
520,3,"AD1070D","FMT01","ETRND","N","",""
520,3,"AD1070D","FMT01","EVERD","N","",""
520,3,"AD1070D","FMT01","PADL","N","",""
520,3,"AD1070D","FMT01","PTRND","N","",""
520,3,"AD1070D","FMT01","PVERD","N","",""
520,3,"AD1070D","FMT01","SDATE","050119","",""
520,4,"AD1070D","FMT01","*KEY","ENT","",""
520,4,"AD1070D","FMT01","EADL","N","",""
520,4,"AD1070D","FMT01","ETRND","N","",""
520,4,"AD1070D","FMT01","EVERD","N","",""
520,4,"AD1070D","FMT01","PADL","N","",""
520,4,"AD1070D","FMT01","PTRND","N","",""
520,4,"AD1070D","FMT01","PVERD","N","",""
520,4,"AD1070D","FMT01","SDATE","050119","",""
520,5,"AD1070D","FMT01","*KEY","F3","",""
520,5,"AD1070D","FMT01","EADL","N","",""
520,5,"AD1070D","FMT01","ETRND","N","",""
520,5,"AD1070D","FMT01","EVERD","N","",""
520,5,"AD1070D","FMT01","PADL","N","",""
520,5,"AD1070D","FMT01","PTRND","N","",""
520,5,"AD1070D","FMT01","PVERD","N","",""
520,5,"AD1070D","FMT01","SDATE","050119","",""
521,3,"SF1000D","SF100010","*KEY","ENT","",""
521,3,"SF1000D","SF100010","SCID","10","",""
521,3,"SF1000D","SF100010","SDESC","PASTA","",""
521,4,"SF1000D","FOOT1","*KEY","ENT","",""
521,5,"SF1000D","SF100022","*KEY","ENT","",""
521,5,"SF1000D","SF100022","SCID","22","",""
521,6,"SF1000D","SF100020","*KEY","ENT","",""
521,6,"SF1000D","SF100020","SCOPT","1","",""
521,6,"SF1000D","SF100020","SFITM#","702479","",""
521,7,"SF1000D","SF100022","*KEY","F6","",""
521,7,"SF1000D","SF100022","SCID","22","",""
521,8,"SF1000D","SF100010","*KEY","ENT","",""
521,8,"SF1000D","SF100010","SCID","10","",""
521,8,"SF1000D","SF100010","SITEM#","312412","",""
521,9,"SF1000D","FOOT1","*KEY","ENT","",""
521,10,"SF1000D","SF100010","*KEY","ENT","",""
521,10,"SF1000D","SF100010","SCID","10","",""
521,10,"SF1000D","SF100010","SCLASS","92","",""
521,11,"SF1000D","FOOT1","*KEY","ENT","",""
521,12,"SF1000D","SF100022","*KEY","ENT","",""
521,12,"SF1000D","SF100022","SCID","22","",""
521,13,"SF1000D","SF100020","*KEY","ENT","",""
521,13,"SF1000D","SF100020","SCOPT","1","",""
521,13,"SF1000D","SF100020","SFITM#","914224","",""
522,3,"SF1000D","SF100010","*KEY","ENT","",""
522,3,"SF1000D","SF100010","SCID","10","",""
522,3,"SF1000D","SF100010","SDESC","BREAD","",""
522,4,"SF1000D","FOOT1","*KEY","ENT","",""
522,5,"SF1000D","SF100022","*KEY","ENT","",""
522,5,"SF1000D","SF100022","SCID","22","",""
522,6,"SF1000D","SF100020","*KEY","ENT","",""
522,6,"SF1000D","SF100020","SCOPT","1","",""
522,6,"SF1000D","SF100020","SFITM#","894245","",""
523,3,"SF1000D","SF100010","*KEY","ENT","",""
523,3,"SF1000D","SF100010","SCID","10","",""
523,3,"SF1000D","SF100010","SDESC","SHOES","",""
523,4,"SF1000D","FOOT1","*KEY","ENT","",""
523,5,"SF1000D","SF100022","*KEY","F3","",""
523,5,"SF1000D","SF100022","SCID","22","",""
525,3,"SF1000D","SF100010","*KEY","ENT","",""
525,3,"SF1000D","SF100010","SCID","10","",""
525,3,"SF1000D","SF100010","SDESC","PANTS","",""
525,4,"SF1000D","FOOT1","*KEY","ENT","",""
525,5,"SF1000D","SF100022","*KEY","F3","",""
525,5,"SF1000D","SF100022","SCID","22","",""
526,3,"IN4000D","IN400010","*KEY","F7","",""
526,3,"IN4000D","IN400010","SRECID","A","",""
529,3,"BF2300D","F01A","*KEY","ENT","",""
529,3,"BF2300D","F01A","FLD","SNT","",""
529,3,"BF2300D","F01A","POS","0001","",""
529,3,"BF2300D","F01A","RCD","F01A","",""
529,3,"BF2300D","F01A","SALL","Y","",""
529,3,"BF2300D","F01A","SNT","Y","",""
529,5,"BF2300D","F01A","*KEY","F4","",""
529,5,"BF2300D","F01A","FLD","SROMRG","",""
529,5,"BF2300D","F01A","POS","0001","",""
529,5,"BF2300D","F01A","RCD","F01A","",""
529,5,"BF2300D","F01A","SALL","N","",""
529,5,"BF2300D","F01A","SNT","Y","",""
529,6,"BF2300D","F01A","*KEY","ENT","",""
529,6,"BF2300D","F01A","FLD","SROMRG","",""
529,6,"BF2300D","F01A","POS","0001","",""
529,6,"BF2300D","F01A","RCD","F01A","",""
529,6,"BF2300D","F01A","SNT","Y","",""
529,6,"BF2300D","F01A","SROMRG","1","",""
529,7,"BF2300D","SFL3","*KEY","ENT","",""
529,8,"BF2300D","SFL3","*KEY","ENT","",""
529,9,"BF2300D","SFL3","*KEY","ENT","",""
529,10,"BF2300D","SFL3","*KEY","ENT","",""
529,11,"BF2300D","SFL3","*KEY","ENT","",""
529,12,"BF2300D","SFL3","*KEY","ENT","",""
529,13,"BF2300D","SFL3","*KEY","ENT","",""
529,14,"BF2300D","SFL3","*KEY","ENT","",""
529,15,"BF2300D","SFL3","*KEY","ENT","",""
529,16,"BF2300D","SFL3","*KEY","ENT","",""
529,17,"BF2300D","SFL3","*KEY","ENT","",""
529,18,"BF2300D","SFL3","*KEY","ENT","",""
529,19,"BF2300D","SFL3","*KEY","ENT","",""
529,20,"BF2300D","SFL3","*KEY","ENT","",""
529,21,"BF2300D","SFL3","*KEY","ENT","",""
529,22,"BF2300D","SFL3","*KEY","ENT","",""
529,23,"BF2300D","SFL3","*KEY","ENT","",""
529,24,"BF2300D","SFL3","*KEY","ENT","",""
529,25,"BF2300D","SFL3","*KEY","ENT","",""
529,26,"BF2300D","SFL3","*KEY","ENT","",""
529,27,"BF2300D","SFL3","*KEY","ENT","",""
529,28,"BF2300D","SFL","*KEY","ENT","",""
529,28,"BF2300D","SFL","SBUD","0498000","",""
529,28,"BF2300D","SFL","SINV0","0498092","",""
529,28,"BF2300D","SFL","SINV1","0498092","",""
529,28,"BF2300D","SFL","SINV2","0498092","",""
529,28,"BF2300D","SFL","SINV3","0507830","",""
529,28,"BF2300D","SFL","SINV4","0562722","",""
529,28,"BF2300D","SFL","SINV5","0594897","",""
529,28,"BF2300D","SFL","SRTOHLD","0018","",""
529,28,"BF2300D","SFL","STURN","0291","",""
529,29,"BF2300D","SFL","*KEY","ENT","",""
529,29,"BF2300D","SFL","SBUD","0597800","",""
529,29,"BF2300D","SFL","SINV0","0570780","",""
529,29,"BF2300D","SFL","SINV1","0570780","",""
529,29,"BF2300D","SFL","SINV2","0570780","",""
529,29,"BF2300D","SFL","SINV3","0580879","",""
529,29,"BF2300D","SFL","SINV4","0622129","",""
529,29,"BF2300D","SFL","SINV5","0669543","",""
529,29,"BF2300D","SFL","SRTOHLD","0023","",""
529,29,"BF2300D","SFL","STURN","0230","",""
529,30,"BF2300D","SFL","*KEY","ENT","",""
529,30,"BF2300D","SFL","SBUD","0695300","",""
529,30,"BF2300D","SFL","SINV0","0667388","",""
529,30,"BF2300D","SFL","SINV1","0667388","",""
529,30,"BF2300D","SFL","SINV2","0667388","",""
529,30,"BF2300D","SFL","SINV3","0694108","",""
529,30,"BF2300D","SFL","SINV4","0667283","",""
529,30,"BF2300D","SFL","SINV5","0675022","",""
529,30,"BF2300D","SFL","SRTOHLD","0032","",""
529,30,"BF2300D","SFL","STURN","0162","",""
529,31,"BF2300D","SFL","*KEY","ENT","",""
529,31,"BF2300D","SFL","SBUD","0538800","",""
529,31,"BF2300D","SFL","SINV0","0556903","",""
529,31,"BF2300D","SFL","SINV1","0556903","",""
529,31,"BF2300D","SFL","SINV2","0556903","",""
529,31,"BF2300D","SFL","SINV3","0565499","",""
529,31,"BF2300D","SFL","SINV4","0581405","",""
529,31,"BF2300D","SFL","SINV5","0633026","",""
529,31,"BF2300D","SFL","SRTOHLD","0034","",""
529,31,"BF2300D","SFL","STURN","0154","",""
529,32,"BF2300D","SFL","*KEY","ENT","",""
529,32,"BF2300D","SFL","SBUD","0629800","",""
529,32,"BF2300D","SFL","SINV0","0629216","",""
529,32,"BF2300D","SFL","SINV1","0629216","",""
529,32,"BF2300D","SFL","SINV2","0629216","",""
529,32,"BF2300D","SFL","SINV3","0608434","",""
529,32,"BF2300D","SFL","SINV4","0605111","",""
529,32,"BF2300D","SFL","SINV5","0589705","",""
529,32,"BF2300D","SFL","SRTOHLD","0037","",""
529,32,"BF2300D","SFL","STURN","0139","",""
529,33,"BF2300D","SFL","*KEY","ENT","",""
529,33,"BF2300D","SFL","SBUD","0482700","",""
529,33,"BF2300D","SFL","SINV0","0493149","",""
529,33,"BF2300D","SFL","SINV1","0493149","",""
529,33,"BF2300D","SFL","SINV2","0493149","",""
529,33,"BF2300D","SFL","SINV3","0446925","",""
529,33,"BF2300D","SFL","SINV4","0454534","",""
529,33,"BF2300D","SFL","SINV5","0479486","",""
529,33,"BF2300D","SFL","SRTOHLD","0036","",""
529,33,"BF2300D","SFL","STURN","0143","",""
529,34,"BF2300D","SFL","*KEY","ENT","",""
529,34,"BF2300D","SFL","SBUD","0524400","",""
529,34,"BF2300D","SFL","SINV0","0601395","",""
529,34,"BF2300D","SFL","SINV1","0601395","",""
529,34,"BF2300D","SFL","SINV2","0601395","",""
529,34,"BF2300D","SFL","SINV3","0605232","",""
529,34,"BF2300D","SFL","SINV4","0581112","",""
529,34,"BF2300D","SFL","SINV5","0608392","",""
529,34,"BF2300D","SFL","SRTOHLD","0062","",""
529,34,"BF2300D","SFL","STURN","0084","",""
529,35,"BF2300D","SFL","*KEY","ENT","",""
529,35,"BF2300D","SFL","SBUD","0495700","",""
529,35,"BF2300D","SFL","SINV0","0452251","",""
529,35,"BF2300D","SFL","SINV1","0452251","",""
529,35,"BF2300D","SFL","SINV2","0452251","",""
529,35,"BF2300D","SFL","SINV3","0445304","",""
529,35,"BF2300D","SFL","SINV4","0441701","",""
529,35,"BF2300D","SFL","SINV5","0424839","",""
529,35,"BF2300D","SFL","SRTOHLD","0053","",""
529,35,"BF2300D","SFL","STURN","0099","",""
529,36,"BF2300D","SFL","*KEY","ENT","",""
529,36,"BF2300D","SFL","SBUD","0412900","",""
529,36,"BF2300D","SFL","SINV0","0443661","",""
529,36,"BF2300D","SFL","SINV1","0443661","",""
529,36,"BF2300D","SFL","SINV2","0443661","",""
529,36,"BF2300D","SFL","SINV3","0433006","",""
529,36,"BF2300D","SFL","SINV4","0444024","",""
529,36,"BF2300D","SFL","SINV5","0446728","",""
529,36,"BF2300D","SFL","SRTOHLD","0053","",""
529,36,"BF2300D","SFL","STURN","0099","",""
529,37,"BF2300D","SFL","*KEY","ENT","",""
529,37,"BF2300D","SFL","SBUD","0458800","",""
529,37,"BF2300D","SFL","SINV0","0417998","",""
529,37,"BF2300D","SFL","SINV1","0417998","",""
529,37,"BF2300D","SFL","SINV2","0417998","",""
529,37,"BF2300D","SFL","SINV3","0458811","",""
529,37,"BF2300D","SFL","SINV4","0456805","",""
529,37,"BF2300D","SFL","SINV5","0476744","",""
529,37,"BF2300D","SFL","SRTOHLD","0046","",""
529,37,"BF2300D","SFL","STURN","0114","",""
529,38,"BF2300D","SFL","*KEY","ENT","",""
529,38,"BF2300D","SFL","SBUD","0688200","",""
529,38,"BF2300D","SFL","SINV0","0618108","",""
529,38,"BF2300D","SFL","SINV1","0618108","",""
529,38,"BF2300D","SFL","SINV2","0618108","",""
529,38,"BF2300D","SFL","SINV3","0545658","",""
529,38,"BF2300D","SFL","SINV4","0647189","",""
529,38,"BF2300D","SFL","SINV5","0610158","",""
529,38,"BF2300D","SFL","SRTOHLD","0039","",""
529,38,"BF2300D","SFL","STURN","0135","",""
529,39,"BF2300D","SFL","*KEY","ENT","",""
529,39,"BF2300D","SFL","SBUD","0529800","",""
529,39,"BF2300D","SFL","SINV0","0573251","",""
529,39,"BF2300D","SFL","SINV1","0573251","",""
529,39,"BF2300D","SFL","SINV2","0573251","",""
529,39,"BF2300D","SFL","SINV3","0576145","",""
529,39,"BF2300D","SFL","SINV4","0575609","",""
529,39,"BF2300D","SFL","SINV5","0576225","",""
529,39,"BF2300D","SFL","SRTOHLD","0051","",""
529,39,"BF2300D","SFL","STURN","0101","",""
529,40,"BF2300D","SFL","*KEY","ENT","",""
529,40,"BF2300D","SFL","SBUD","0637100","",""
529,40,"BF2300D","SFL","SINV0","0595614","",""
529,40,"BF2300D","SFL","SINV1","0595614","",""
529,40,"BF2300D","SFL","SINV2","0595614","",""
529,40,"BF2300D","SFL","SINV3","0584152","",""
529,40,"BF2300D","SFL","SINV4","0592639","",""
529,40,"BF2300D","SFL","SINV5","0600740","",""
529,40,"BF2300D","SFL","SRTOHLD","0029","",""
529,40,"BF2300D","SFL","STURN","0182","",""
529,41,"BF2300D","SFL","*KEY","ENT","",""
529,41,"BF2300D","SFL","SBUD","0506500","",""
529,41,"BF2300D","SFL","SINV0","0524343","",""
529,41,"BF2300D","SFL","SINV1","0524343","",""
529,41,"BF2300D","SFL","SINV2","0524343","",""
529,41,"BF2300D","SFL","SINV3","0540067","",""
529,41,"BF2300D","SFL","SINV4","0527996","",""
529,41,"BF2300D","SFL","SINV5","0557896","",""
529,41,"BF2300D","SFL","SRTOHLD","0035","",""
529,41,"BF2300D","SFL","STURN","0148","",""
529,42,"BF2300D","SFL","*KEY","ENT","",""
529,42,"BF2300D","SFL","SBUD","0560200","",""
529,42,"BF2300D","SFL","SINV0","0551403","",""
529,42,"BF2300D","SFL","SINV1","0551403","",""
529,42,"BF2300D","SFL","SINV2","0551403","",""
529,42,"BF2300D","SFL","SINV3","0544813","",""
529,42,"BF2300D","SFL","SINV4","0577817","",""
529,42,"BF2300D","SFL","SINV5","0600511","",""
529,42,"BF2300D","SFL","SRTOHLD","0050","",""
529,42,"BF2300D","SFL","STURN","0104","",""
529,43,"BF2300D","SFL","*KEY","ENT","",""
529,43,"BF2300D","SFL","SBUD","0624700","",""
529,43,"BF2300D","SFL","SINV0","0616976","",""
529,43,"BF2300D","SFL","SINV1","0616976","",""
529,43,"BF2300D","SFL","SINV2","0616976","",""
529,43,"BF2300D","SFL","SINV3","0615750","",""
529,43,"BF2300D","SFL","SINV4","0611664","",""
529,43,"BF2300D","SFL","SINV5","0653868","",""
529,43,"BF2300D","SFL","SRTOHLD","0028","",""
529,43,"BF2300D","SFL","STURN","0185","",""
529,44,"BF2300D","SFL","*KEY","ENT","",""
529,44,"BF2300D","SFL","SBUD","0518800","",""
529,44,"BF2300D","SFL","SINV0","0541693","",""
529,44,"BF2300D","SFL","SINV1","0541693","",""
529,44,"BF2300D","SFL","SINV2","0541693","",""
529,44,"BF2300D","SFL","SINV3","0563086","",""
529,44,"BF2300D","SFL","SINV4","0562928","",""
529,44,"BF2300D","SFL","SINV5","0573419","",""
529,44,"BF2300D","SFL","SRTOHLD","0028","",""
529,44,"BF2300D","SFL","STURN","0183","",""
529,45,"BF2300D","SFL","*KEY","ENT","",""
529,45,"BF2300D","SFL","SBUD","0544200","",""
529,45,"BF2300D","SFL","SINV0","0586948","",""
529,45,"BF2300D","SFL","SINV1","0586948","",""
529,45,"BF2300D","SFL","SINV2","0586948","",""
529,45,"BF2300D","SFL","SINV3","0581094","",""
529,45,"BF2300D","SFL","SINV4","0541593","",""
529,45,"BF2300D","SFL","SINV5","0572532","",""
529,45,"BF2300D","SFL","SRTOHLD","0059","",""
529,45,"BF2300D","SFL","STURN","0088","",""
529,46,"BF2300D","SFL","*KEY","ENT","",""
529,46,"BF2300D","SFL","SBUD","0534000","",""
529,46,"BF2300D","SFL","SINV0","0601676","",""
529,46,"BF2300D","SFL","SINV1","0601676","",""
529,46,"BF2300D","SFL","SINV2","0601676","",""
529,46,"BF2300D","SFL","SINV3","0580010","",""
529,46,"BF2300D","SFL","SINV4","0580684","",""
529,46,"BF2300D","SFL","SINV5","0578486","",""
529,46,"BF2300D","SFL","SRTOHLD","0042","",""
529,46,"BF2300D","SFL","STURN","0125","",""
529,47,"BF2300D","SFL","*KEY","ENT","",""
529,48,"BF2300D","SFL","*KEY","ENT","",""
529,49,"BF2300D","SFL","*KEY","ENT","",""
529,49,"BF2300D","SFL","SBUD","0498000","",""
529,49,"BF2300D","SFL","SINV0","0498092","",""
529,49,"BF2300D","SFL","SINV1","0498092","",""
529,49,"BF2300D","SFL","SINV2","0498092","",""
529,49,"BF2300D","SFL","SINV3","0507830","",""
529,49,"BF2300D","SFL","SINV4","0562722","",""
529,49,"BF2300D","SFL","SINV5","0594897","",""
529,49,"BF2300D","SFL","SRTOHLD","0018","",""
529,49,"BF2300D","SFL","STURN","0291","",""
529,50,"BF2300D","SFL","*KEY","ENT","",""
529,50,"BF2300D","SFL","SBUD","0597800","",""
529,50,"BF2300D","SFL","SINV0","0570780","",""
529,50,"BF2300D","SFL","SINV1","0570780","",""
529,50,"BF2300D","SFL","SINV2","0570780","",""
529,50,"BF2300D","SFL","SINV3","0580879","",""
529,50,"BF2300D","SFL","SINV4","0622129","",""
529,50,"BF2300D","SFL","SINV5","0669543","",""
529,50,"BF2300D","SFL","SRTOHLD","0023","",""
529,50,"BF2300D","SFL","STURN","0230","",""
529,51,"BF2300D","SFL","*KEY","ENT","",""
529,51,"BF2300D","SFL","SBUD","0695300","",""
529,51,"BF2300D","SFL","SINV0","0667388","",""
529,51,"BF2300D","SFL","SINV1","0667388","",""
529,51,"BF2300D","SFL","SINV2","0667388","",""
529,51,"BF2300D","SFL","SINV3","0694108","",""
529,51,"BF2300D","SFL","SINV4","0667283","",""
529,51,"BF2300D","SFL","SINV5","0675022","",""
529,51,"BF2300D","SFL","SRTOHLD","0032","",""
529,51,"BF2300D","SFL","STURN","0162","",""
529,52,"BF2300D","SFL","*KEY","ENT","",""
529,52,"BF2300D","SFL","SBUD","0538800","",""
529,52,"BF2300D","SFL","SINV0","0556903","",""
529,52,"BF2300D","SFL","SINV1","0556903","",""
529,52,"BF2300D","SFL","SINV2","0556903","",""
529,52,"BF2300D","SFL","SINV3","0565499","",""
529,52,"BF2300D","SFL","SINV4","0581405","",""
529,52,"BF2300D","SFL","SINV5","0633026","",""
529,52,"BF2300D","SFL","SRTOHLD","0034","",""
529,52,"BF2300D","SFL","STURN","0154","",""
529,53,"BF2300D","SFL","*KEY","ENT","",""
529,53,"BF2300D","SFL","SBUD","0629800","",""
529,53,"BF2300D","SFL","SINV0","0629216","",""
529,53,"BF2300D","SFL","SINV1","0629216","",""
529,53,"BF2300D","SFL","SINV2","0629216","",""
529,53,"BF2300D","SFL","SINV3","0608434","",""
529,53,"BF2300D","SFL","SINV4","0605111","",""
529,53,"BF2300D","SFL","SINV5","0589705","",""
529,53,"BF2300D","SFL","SRTOHLD","0037","",""
529,53,"BF2300D","SFL","STURN","0139","",""
529,54,"BF2300D","SFL","*KEY","ENT","",""
529,54,"BF2300D","SFL","SBUD","0482700","",""
529,54,"BF2300D","SFL","SINV0","0493149","",""
529,54,"BF2300D","SFL","SINV1","0493149","",""
529,54,"BF2300D","SFL","SINV2","0493149","",""
529,54,"BF2300D","SFL","SINV3","0446925","",""
529,54,"BF2300D","SFL","SINV4","0454534","",""
529,54,"BF2300D","SFL","SINV5","0479486","",""
529,54,"BF2300D","SFL","SRTOHLD","0036","",""
529,54,"BF2300D","SFL","STURN","0143","",""
529,55,"BF2300D","SFL","*KEY","ENT","",""
529,55,"BF2300D","SFL","SBUD","0524400","",""
529,55,"BF2300D","SFL","SINV0","0601395","",""
529,55,"BF2300D","SFL","SINV1","0601395","",""
529,55,"BF2300D","SFL","SINV2","0601395","",""
529,55,"BF2300D","SFL","SINV3","0605232","",""
529,55,"BF2300D","SFL","SINV4","0581112","",""
529,55,"BF2300D","SFL","SINV5","0608392","",""
529,55,"BF2300D","SFL","SRTOHLD","0062","",""
529,55,"BF2300D","SFL","STURN","0084","",""
529,56,"BF2300D","SFL","*KEY","ENT","",""
529,56,"BF2300D","SFL","SBUD","0495700","",""
529,56,"BF2300D","SFL","SINV0","0452251","",""
529,56,"BF2300D","SFL","SINV1","0452251","",""
529,56,"BF2300D","SFL","SINV2","0452251","",""
529,56,"BF2300D","SFL","SINV3","0445304","",""
529,56,"BF2300D","SFL","SINV4","0441701","",""
529,56,"BF2300D","SFL","SINV5","0424839","",""
529,56,"BF2300D","SFL","SRTOHLD","0053","",""
529,56,"BF2300D","SFL","STURN","0099","",""
529,57,"BF2300D","SFL","*KEY","ENT","",""
529,57,"BF2300D","SFL","SBUD","0412900","",""
529,57,"BF2300D","SFL","SINV0","0443661","",""
529,57,"BF2300D","SFL","SINV1","0443661","",""
529,57,"BF2300D","SFL","SINV2","0443661","",""
529,57,"BF2300D","SFL","SINV3","0433006","",""
529,57,"BF2300D","SFL","SINV4","0444024","",""
529,57,"BF2300D","SFL","SINV5","0446728","",""
529,57,"BF2300D","SFL","SRTOHLD","0053","",""
529,57,"BF2300D","SFL","STURN","0099","",""
529,58,"BF2300D","SFL","*KEY","ENT","",""
529,58,"BF2300D","SFL","SBUD","0458800","",""
529,58,"BF2300D","SFL","SINV0","0417998","",""
529,58,"BF2300D","SFL","SINV1","0417998","",""
529,58,"BF2300D","SFL","SINV2","0417998","",""
529,58,"BF2300D","SFL","SINV3","0458811","",""
529,58,"BF2300D","SFL","SINV4","0456805","",""
529,58,"BF2300D","SFL","SINV5","0476744","",""
529,58,"BF2300D","SFL","SRTOHLD","0046","",""
529,58,"BF2300D","SFL","STURN","0114","",""
529,59,"BF2300D","SFL","*KEY","ENT","",""
529,59,"BF2300D","SFL","SBUD","0688200","",""
529,59,"BF2300D","SFL","SINV0","0618108","",""
529,59,"BF2300D","SFL","SINV1","0618108","",""
529,59,"BF2300D","SFL","SINV2","0618108","",""
529,59,"BF2300D","SFL","SINV3","0545658","",""
529,59,"BF2300D","SFL","SINV4","0647189","",""
529,59,"BF2300D","SFL","SINV5","0610158","",""
529,59,"BF2300D","SFL","SRTOHLD","0039","",""
529,59,"BF2300D","SFL","STURN","0135","",""
529,60,"BF2300D","SFL","*KEY","ENT","",""
529,60,"BF2300D","SFL","SBUD","0529800","",""
529,60,"BF2300D","SFL","SINV0","0573251","",""
529,60,"BF2300D","SFL","SINV1","0573251","",""
529,60,"BF2300D","SFL","SINV2","0573251","",""
529,60,"BF2300D","SFL","SINV3","0576145","",""
529,60,"BF2300D","SFL","SINV4","0575609","",""
529,60,"BF2300D","SFL","SINV5","0576225","",""
529,60,"BF2300D","SFL","SRTOHLD","0051","",""
529,60,"BF2300D","SFL","STURN","0101","",""
529,61,"BF2300D","SFL","*KEY","ENT","",""
529,61,"BF2300D","SFL","SBUD","0637100","",""
529,61,"BF2300D","SFL","SINV0","0595614","",""
529,61,"BF2300D","SFL","SINV1","0595614","",""
529,61,"BF2300D","SFL","SINV2","0595614","",""
529,61,"BF2300D","SFL","SINV3","0584152","",""
529,61,"BF2300D","SFL","SINV4","0592639","",""
529,61,"BF2300D","SFL","SINV5","0600740","",""
529,61,"BF2300D","SFL","SRTOHLD","0029","",""
529,61,"BF2300D","SFL","STURN","0182","",""
529,62,"BF2300D","SFL","*KEY","ENT","",""
529,62,"BF2300D","SFL","SBUD","0506500","",""
529,62,"BF2300D","SFL","SINV0","0524343","",""
529,62,"BF2300D","SFL","SINV1","0524343","",""
529,62,"BF2300D","SFL","SINV2","0524343","",""
529,62,"BF2300D","SFL","SINV3","0540067","",""
529,62,"BF2300D","SFL","SINV4","0527996","",""
529,62,"BF2300D","SFL","SINV5","0557896","",""
529,62,"BF2300D","SFL","SRTOHLD","0035","",""
529,62,"BF2300D","SFL","STURN","0148","",""
529,63,"BF2300D","SFL","*KEY","ENT","",""
529,63,"BF2300D","SFL","SBUD","0560200","",""
529,63,"BF2300D","SFL","SINV0","0551403","",""
529,63,"BF2300D","SFL","SINV1","0551403","",""
529,63,"BF2300D","SFL","SINV2","0551403","",""
529,63,"BF2300D","SFL","SINV3","0544813","",""
529,63,"BF2300D","SFL","SINV4","0577817","",""
529,63,"BF2300D","SFL","SINV5","0600511","",""
529,63,"BF2300D","SFL","SRTOHLD","0050","",""
529,63,"BF2300D","SFL","STURN","0104","",""
529,64,"BF2300D","SFL","*KEY","ENT","",""
529,64,"BF2300D","SFL","SBUD","0624700","",""
529,64,"BF2300D","SFL","SINV0","0616976","",""
529,64,"BF2300D","SFL","SINV1","0616976","",""
529,64,"BF2300D","SFL","SINV2","0616976","",""
529,64,"BF2300D","SFL","SINV3","0615750","",""
529,64,"BF2300D","SFL","SINV4","0611664","",""
529,64,"BF2300D","SFL","SINV5","0653868","",""
529,64,"BF2300D","SFL","SRTOHLD","0028","",""
529,64,"BF2300D","SFL","STURN","0185","",""
529,65,"BF2300D","SFL","*KEY","ENT","",""
529,65,"BF2300D","SFL","SBUD","0518800","",""
529,65,"BF2300D","SFL","SINV0","0541693","",""
529,65,"BF2300D","SFL","SINV1","0541693","",""
529,65,"BF2300D","SFL","SINV2","0541693","",""
529,65,"BF2300D","SFL","SINV3","0563086","",""
529,65,"BF2300D","SFL","SINV4","0562928","",""
529,65,"BF2300D","SFL","SINV5","0573419","",""
529,65,"BF2300D","SFL","SRTOHLD","0028","",""
529,65,"BF2300D","SFL","STURN","0183","",""
529,66,"BF2300D","SFL","*KEY","ENT","",""
529,66,"BF2300D","SFL","SBUD","0544200","",""
529,66,"BF2300D","SFL","SINV0","0586948","",""
529,66,"BF2300D","SFL","SINV1","0586948","",""
529,66,"BF2300D","SFL","SINV2","0586948","",""
529,66,"BF2300D","SFL","SINV3","0581094","",""
529,66,"BF2300D","SFL","SINV4","0541593","",""
529,66,"BF2300D","SFL","SINV5","0572532","",""
529,66,"BF2300D","SFL","SRTOHLD","0059","",""
529,66,"BF2300D","SFL","STURN","0088","",""
529,67,"BF2300D","SFL","*KEY","ENT","",""
529,67,"BF2300D","SFL","SBUD","0534000","",""
529,67,"BF2300D","SFL","SINV0","0601676","",""
529,67,"BF2300D","SFL","SINV1","0601676","",""
529,67,"BF2300D","SFL","SINV2","0601676","",""
529,67,"BF2300D","SFL","SINV3","0580010","",""
529,67,"BF2300D","SFL","SINV4","0580684","",""
529,67,"BF2300D","SFL","SINV5","0578486","",""
529,67,"BF2300D","SFL","SRTOHLD","0042","",""
529,67,"BF2300D","SFL","STURN","0125","",""
529,68,"BF2300D","SFL","*KEY","ENT","",""
529,69,"BF2300D","SFL","*KEY","ENT","",""
529,70,"BF2300D","SFL","*KEY","ENT","",""
529,70,"BF2300D","SFL","SBUD","0498000","",""
529,70,"BF2300D","SFL","SINV0","0498092","",""
529,70,"BF2300D","SFL","SINV1","0498092","",""
529,70,"BF2300D","SFL","SINV2","0498092","",""
529,70,"BF2300D","SFL","SINV3","0507830","",""
529,70,"BF2300D","SFL","SINV4","0562722","",""
529,70,"BF2300D","SFL","SINV5","0594897","",""
529,70,"BF2300D","SFL","SRTOHLD","0018","",""
529,70,"BF2300D","SFL","STURN","0291","",""
529,71,"BF2300D","SFL","*KEY","ENT","",""
529,71,"BF2300D","SFL","SBUD","0597800","",""
529,71,"BF2300D","SFL","SINV0","0570780","",""
529,71,"BF2300D","SFL","SINV1","0570780","",""
529,71,"BF2300D","SFL","SINV2","0570780","",""
529,71,"BF2300D","SFL","SINV3","0580879","",""
529,71,"BF2300D","SFL","SINV4","0622129","",""
529,71,"BF2300D","SFL","SINV5","0669543","",""
529,71,"BF2300D","SFL","SRTOHLD","0023","",""
529,71,"BF2300D","SFL","STURN","0230","",""
529,72,"BF2300D","SFL","*KEY","ENT","",""
529,72,"BF2300D","SFL","SBUD","0695300","",""
529,72,"BF2300D","SFL","SINV0","0667388","",""
529,72,"BF2300D","SFL","SINV1","0667388","",""
529,72,"BF2300D","SFL","SINV2","0667388","",""
529,72,"BF2300D","SFL","SINV3","0694108","",""
529,72,"BF2300D","SFL","SINV4","0667283","",""
529,72,"BF2300D","SFL","SINV5","0675022","",""
529,72,"BF2300D","SFL","SRTOHLD","0032","",""
529,72,"BF2300D","SFL","STURN","0162","",""
529,73,"BF2300D","SFL","*KEY","ENT","",""
529,73,"BF2300D","SFL","SBUD","0538800","",""
529,73,"BF2300D","SFL","SINV0","0556903","",""
529,73,"BF2300D","SFL","SINV1","0556903","",""
529,73,"BF2300D","SFL","SINV2","0556903","",""
529,73,"BF2300D","SFL","SINV3","0565499","",""
529,73,"BF2300D","SFL","SINV4","0581405","",""
529,73,"BF2300D","SFL","SINV5","0633026","",""
529,73,"BF2300D","SFL","SRTOHLD","0034","",""
529,73,"BF2300D","SFL","STURN","0154","",""
529,74,"BF2300D","SFL","*KEY","ENT","",""
529,74,"BF2300D","SFL","SBUD","0629800","",""
529,74,"BF2300D","SFL","SINV0","0629216","",""
529,74,"BF2300D","SFL","SINV1","0629216","",""
529,74,"BF2300D","SFL","SINV2","0629216","",""
529,74,"BF2300D","SFL","SINV3","0608434","",""
529,74,"BF2300D","SFL","SINV4","0605111","",""
529,74,"BF2300D","SFL","SINV5","0589705","",""
529,74,"BF2300D","SFL","SRTOHLD","0037","",""
529,74,"BF2300D","SFL","STURN","0139","",""
529,75,"BF2300D","SFL","*KEY","ENT","",""
529,75,"BF2300D","SFL","SBUD","0482700","",""
529,75,"BF2300D","SFL","SINV0","0493149","",""
529,75,"BF2300D","SFL","SINV1","0493149","",""
529,75,"BF2300D","SFL","SINV2","0493149","",""
529,75,"BF2300D","SFL","SINV3","0446925","",""
529,75,"BF2300D","SFL","SINV4","0454534","",""
529,75,"BF2300D","SFL","SINV5","0479486","",""
529,75,"BF2300D","SFL","SRTOHLD","0036","",""
529,75,"BF2300D","SFL","STURN","0143","",""
529,76,"BF2300D","SFL","*KEY","ENT","",""
529,76,"BF2300D","SFL","SBUD","0524400","",""
529,76,"BF2300D","SFL","SINV0","0601395","",""
529,76,"BF2300D","SFL","SINV1","0601395","",""
529,76,"BF2300D","SFL","SINV2","0601395","",""
529,76,"BF2300D","SFL","SINV3","0605232","",""
529,76,"BF2300D","SFL","SINV4","0581112","",""
529,76,"BF2300D","SFL","SINV5","0608392","",""
529,76,"BF2300D","SFL","SRTOHLD","0062","",""
529,76,"BF2300D","SFL","STURN","0084","",""
529,77,"BF2300D","SFL","*KEY","ENT","",""
529,77,"BF2300D","SFL","SBUD","0495700","",""
529,77,"BF2300D","SFL","SINV0","0452251","",""
529,77,"BF2300D","SFL","SINV1","0452251","",""
529,77,"BF2300D","SFL","SINV2","0452251","",""
529,77,"BF2300D","SFL","SINV3","0445304","",""
529,77,"BF2300D","SFL","SINV4","0441701","",""
529,77,"BF2300D","SFL","SINV5","0424839","",""
529,77,"BF2300D","SFL","SRTOHLD","0053","",""
529,77,"BF2300D","SFL","STURN","0099","",""
529,78,"BF2300D","SFL","*KEY","ENT","",""
529,78,"BF2300D","SFL","SBUD","0412900","",""
529,78,"BF2300D","SFL","SINV0","0443661","",""
529,78,"BF2300D","SFL","SINV1","0443661","",""
529,78,"BF2300D","SFL","SINV2","0443661","",""
529,78,"BF2300D","SFL","SINV3","0433006","",""
529,78,"BF2300D","SFL","SINV4","0444024","",""
529,78,"BF2300D","SFL","SINV5","0446728","",""
529,78,"BF2300D","SFL","SRTOHLD","0053","",""
529,78,"BF2300D","SFL","STURN","0099","",""
529,79,"BF2300D","SFL","*KEY","ENT","",""
529,79,"BF2300D","SFL","SBUD","0458800","",""
529,79,"BF2300D","SFL","SINV0","0417998","",""
529,79,"BF2300D","SFL","SINV1","0417998","",""
529,79,"BF2300D","SFL","SINV2","0417998","",""
529,79,"BF2300D","SFL","SINV3","0458811","",""
529,79,"BF2300D","SFL","SINV4","0456805","",""
529,79,"BF2300D","SFL","SINV5","0476744","",""
529,79,"BF2300D","SFL","SRTOHLD","0046","",""
529,79,"BF2300D","SFL","STURN","0114","",""
529,80,"BF2300D","SFL","*KEY","ENT","",""
529,80,"BF2300D","SFL","SBUD","0688200","",""
529,80,"BF2300D","SFL","SINV0","0618108","",""
529,80,"BF2300D","SFL","SINV1","0618108","",""
529,80,"BF2300D","SFL","SINV2","0618108","",""
529,80,"BF2300D","SFL","SINV3","0545658","",""
529,80,"BF2300D","SFL","SINV4","0647189","",""
529,80,"BF2300D","SFL","SINV5","0610158","",""
529,80,"BF2300D","SFL","SRTOHLD","0039","",""
529,80,"BF2300D","SFL","STURN","0135","",""
529,81,"BF2300D","SFL","*KEY","ENT","",""
529,81,"BF2300D","SFL","SBUD","0529800","",""
529,81,"BF2300D","SFL","SINV0","0573251","",""
529,81,"BF2300D","SFL","SINV1","0573251","",""
529,81,"BF2300D","SFL","SINV2","0573251","",""
529,81,"BF2300D","SFL","SINV3","0576145","",""
529,81,"BF2300D","SFL","SINV4","0575609","",""
529,81,"BF2300D","SFL","SINV5","0576225","",""
529,81,"BF2300D","SFL","SRTOHLD","0051","",""
529,81,"BF2300D","SFL","STURN","0101","",""
529,82,"BF2300D","SFL","*KEY","ENT","",""
529,82,"BF2300D","SFL","SBUD","0637100","",""
529,82,"BF2300D","SFL","SINV0","0595614","",""
529,82,"BF2300D","SFL","SINV1","0595614","",""
529,82,"BF2300D","SFL","SINV2","0595614","",""
529,82,"BF2300D","SFL","SINV3","0584152","",""
529,82,"BF2300D","SFL","SINV4","0592639","",""
529,82,"BF2300D","SFL","SINV5","0600740","",""
529,82,"BF2300D","SFL","SRTOHLD","0029","",""
529,82,"BF2300D","SFL","STURN","0182","",""
529,83,"BF2300D","SFL","*KEY","ENT","",""
529,83,"BF2300D","SFL","SBUD","0506500","",""
529,83,"BF2300D","SFL","SINV0","0524343","",""
529,83,"BF2300D","SFL","SINV1","0524343","",""
529,83,"BF2300D","SFL","SINV2","0524343","",""
529,83,"BF2300D","SFL","SINV3","0540067","",""
529,83,"BF2300D","SFL","SINV4","0527996","",""
529,83,"BF2300D","SFL","SINV5","0557896","",""
529,83,"BF2300D","SFL","SRTOHLD","0035","",""
529,83,"BF2300D","SFL","STURN","0148","",""
529,84,"BF2300D","SFL","*KEY","ENT","",""
529,84,"BF2300D","SFL","SBUD","0560200","",""
529,84,"BF2300D","SFL","SINV0","0551403","",""
529,84,"BF2300D","SFL","SINV1","0551403","",""
529,84,"BF2300D","SFL","SINV2","0551403","",""
529,84,"BF2300D","SFL","SINV3","0544813","",""
529,84,"BF2300D","SFL","SINV4","0577817","",""
529,84,"BF2300D","SFL","SINV5","0600511","",""
529,84,"BF2300D","SFL","SRTOHLD","0050","",""
529,84,"BF2300D","SFL","STURN","0104","",""
529,85,"BF2300D","SFL","*KEY","ENT","",""
529,85,"BF2300D","SFL","SBUD","0624700","",""
529,85,"BF2300D","SFL","SINV0","0616976","",""
529,85,"BF2300D","SFL","SINV1","0616976","",""
529,85,"BF2300D","SFL","SINV2","0616976","",""
529,85,"BF2300D","SFL","SINV3","0615750","",""
529,85,"BF2300D","SFL","SINV4","0611664","",""
529,85,"BF2300D","SFL","SINV5","0653868","",""
529,85,"BF2300D","SFL","SRTOHLD","0028","",""
529,85,"BF2300D","SFL","STURN","0185","",""
529,86,"BF2300D","SFL","*KEY","ENT","",""
529,86,"BF2300D","SFL","SBUD","0518800","",""
529,86,"BF2300D","SFL","SINV0","0541693","",""
529,86,"BF2300D","SFL","SINV1","0541693","",""
529,86,"BF2300D","SFL","SINV2","0541693","",""
529,86,"BF2300D","SFL","SINV3","0563086","",""
529,86,"BF2300D","SFL","SINV4","0562928","",""
529,86,"BF2300D","SFL","SINV5","0573419","",""
529,86,"BF2300D","SFL","SRTOHLD","0028","",""
529,86,"BF2300D","SFL","STURN","0183","",""
529,87,"BF2300D","SFL","*KEY","ENT","",""
529,87,"BF2300D","SFL","SBUD","0544200","",""
529,87,"BF2300D","SFL","SINV0","0586948","",""
529,87,"BF2300D","SFL","SINV1","0586948","",""
529,87,"BF2300D","SFL","SINV2","0586948","",""
529,87,"BF2300D","SFL","SINV3","0581094","",""
529,87,"BF2300D","SFL","SINV4","0541593","",""
529,87,"BF2300D","SFL","SINV5","0572532","",""
529,87,"BF2300D","SFL","SRTOHLD","0059","",""
529,87,"BF2300D","SFL","STURN","0088","",""
529,88,"BF2300D","SFL","*KEY","ENT","",""
529,88,"BF2300D","SFL","SBUD","0534000","",""
529,88,"BF2300D","SFL","SINV0","0601676","",""
529,88,"BF2300D","SFL","SINV1","0601676","",""
529,88,"BF2300D","SFL","SINV2","0601676","",""
529,88,"BF2300D","SFL","SINV3","0580010","",""
529,88,"BF2300D","SFL","SINV4","0580684","",""
529,88,"BF2300D","SFL","SINV5","0578486","",""
529,88,"BF2300D","SFL","SRTOHLD","0042","",""
529,88,"BF2300D","SFL","STURN","0125","",""
529,89,"BF2300D","SFL","*KEY","ENT","",""
529,90,"BF2300D","CTL","*KEY","F11","",""
529,90,"BF2300D","CTL","DSPREC","001","",""
529,90,"BF2300D","CTL","FLD","PGMNAM","",""
529,90,"BF2300D","CTL","POS","0001","",""
529,90,"BF2300D","CTL","RCD","CTL","",""
529,91,"BF2300D","SFL","*KEY","F11","",""
529,91,"BF2300D","SFL","SBUD","0498000","",""
529,91,"BF2300D","SFL","SINV0","0498092","",""
529,91,"BF2300D","SFL","SINV1","0498092","",""
529,91,"BF2300D","SFL","SINV2","0498092","",""
529,91,"BF2300D","SFL","SINV3","0507830","",""
529,91,"BF2300D","SFL","SINV4","0562722","",""
529,91,"BF2300D","SFL","SINV5","0594897","",""
529,91,"BF2300D","SFL","SRTOHLD","0018","",""
529,91,"BF2300D","SFL","STURN","0291","",""
529,92,"BF2300D","SFL","*KEY","F11","",""
529,92,"BF2300D","SFL","SBUD","0597800","",""
529,92,"BF2300D","SFL","SINV0","0570780","",""
529,92,"BF2300D","SFL","SINV1","0570780","",""
529,92,"BF2300D","SFL","SINV2","0570780","",""
529,92,"BF2300D","SFL","SINV3","0580879","",""
529,92,"BF2300D","SFL","SINV4","0622129","",""
529,92,"BF2300D","SFL","SINV5","0669543","",""
529,92,"BF2300D","SFL","SRTOHLD","0023","",""
529,92,"BF2300D","SFL","STURN","0230","",""
529,93,"BF2300D","SFL","*KEY","F11","",""
529,93,"BF2300D","SFL","SBUD","0624700","",""
529,93,"BF2300D","SFL","SINV0","0616976","",""
529,93,"BF2300D","SFL","SINV1","0616976","",""
529,93,"BF2300D","SFL","SINV2","0616976","",""
529,93,"BF2300D","SFL","SINV3","0615750","",""
529,93,"BF2300D","SFL","SINV4","0611664","",""
529,93,"BF2300D","SFL","SINV5","0653868","",""
529,93,"BF2300D","SFL","SRTOHLD","0028","",""
529,93,"BF2300D","SFL","STURN","0185","",""
529,94,"BF2300D","SFL","*KEY","F11","",""
529,94,"BF2300D","SFL","SBUD","0518800","",""
529,94,"BF2300D","SFL","SINV0","0541693","",""
529,94,"BF2300D","SFL","SINV1","0541693","",""
529,94,"BF2300D","SFL","SINV2","0541693","",""
529,94,"BF2300D","SFL","SINV3","0563086","",""
529,94,"BF2300D","SFL","SINV4","0562928","",""
529,94,"BF2300D","SFL","SINV5","0573419","",""
529,94,"BF2300D","SFL","SRTOHLD","0028","",""
529,94,"BF2300D","SFL","STURN","0183","",""
529,95,"BF2300D","SFL","*KEY","F11","",""
529,95,"BF2300D","SFL","SBUD","0637100","",""
529,95,"BF2300D","SFL","SINV0","0595614","",""
529,95,"BF2300D","SFL","SINV1","0595614","",""
529,95,"BF2300D","SFL","SINV2","0595614","",""
529,95,"BF2300D","SFL","SINV3","0584152","",""
529,95,"BF2300D","SFL","SINV4","0592639","",""
529,95,"BF2300D","SFL","SINV5","0600740","",""
529,95,"BF2300D","SFL","SRTOHLD","0029","",""
529,95,"BF2300D","SFL","STURN","0182","",""
529,96,"BF2300D","SFL","*KEY","F11","",""
529,96,"BF2300D","SFL","SBUD","0695300","",""
529,96,"BF2300D","SFL","SINV0","0667388","",""
529,96,"BF2300D","SFL","SINV1","0667388","",""
529,96,"BF2300D","SFL","SINV2","0667388","",""
529,96,"BF2300D","SFL","SINV3","0694108","",""
529,96,"BF2300D","SFL","SINV4","0667283","",""
529,96,"BF2300D","SFL","SINV5","0675022","",""
529,96,"BF2300D","SFL","SRTOHLD","0032","",""
529,96,"BF2300D","SFL","STURN","0162","",""
529,97,"BF2300D","SFL","*KEY","F11","",""
529,97,"BF2300D","SFL","SBUD","0538800","",""
529,97,"BF2300D","SFL","SINV0","0556903","",""
529,97,"BF2300D","SFL","SINV1","0556903","",""
529,97,"BF2300D","SFL","SINV2","0556903","",""
529,97,"BF2300D","SFL","SINV3","0565499","",""
529,97,"BF2300D","SFL","SINV4","0581405","",""
529,97,"BF2300D","SFL","SINV5","0633026","",""
529,97,"BF2300D","SFL","SRTOHLD","0034","",""
529,97,"BF2300D","SFL","STURN","0154","",""
529,98,"BF2300D","SFL","*KEY","F11","",""
529,98,"BF2300D","SFL","SBUD","0506500","",""
529,98,"BF2300D","SFL","SINV0","0524343","",""
529,98,"BF2300D","SFL","SINV1","0524343","",""
529,98,"BF2300D","SFL","SINV2","0524343","",""
529,98,"BF2300D","SFL","SINV3","0540067","",""
529,98,"BF2300D","SFL","SINV4","0527996","",""
529,98,"BF2300D","SFL","SINV5","0557896","",""
529,98,"BF2300D","SFL","SRTOHLD","0035","",""
529,98,"BF2300D","SFL","STURN","0148","",""
529,99,"BF2300D","SFL","*KEY","F11","",""
529,99,"BF2300D","SFL","SBUD","0482700","",""
529,99,"BF2300D","SFL","SINV0","0493149","",""
529,99,"BF2300D","SFL","SINV1","0493149","",""
529,99,"BF2300D","SFL","SINV2","0493149","",""
529,99,"BF2300D","SFL","SINV3","0446925","",""
529,99,"BF2300D","SFL","SINV4","0454534","",""
529,99,"BF2300D","SFL","SINV5","0479486","",""
529,99,"BF2300D","SFL","SRTOHLD","0036","",""
529,99,"BF2300D","SFL","STURN","0143","",""
529,100,"BF2300D","SFL","*KEY","F11","",""
529,100,"BF2300D","SFL","SBUD","0629800","",""
529,100,"BF2300D","SFL","SINV0","0629216","",""
529,100,"BF2300D","SFL","SINV1","0629216","",""
529,100,"BF2300D","SFL","SINV2","0629216","",""
529,100,"BF2300D","SFL","SINV3","0608434","",""
529,100,"BF2300D","SFL","SINV4","0605111","",""
529,100,"BF2300D","SFL","SINV5","0589705","",""
529,100,"BF2300D","SFL","SRTOHLD","0037","",""
529,100,"BF2300D","SFL","STURN","0139","",""
529,101,"BF2300D","SFL","*KEY","F11","",""
529,101,"BF2300D","SFL","SBUD","0688200","",""
529,101,"BF2300D","SFL","SINV0","0618108","",""
529,101,"BF2300D","SFL","SINV1","0618108","",""
529,101,"BF2300D","SFL","SINV2","0618108","",""
529,101,"BF2300D","SFL","SINV3","0545658","",""
529,101,"BF2300D","SFL","SINV4","0647189","",""
529,101,"BF2300D","SFL","SINV5","0610158","",""
529,101,"BF2300D","SFL","SRTOHLD","0039","",""
529,101,"BF2300D","SFL","STURN","0135","",""
529,102,"BF2300D","SFL","*KEY","F11","",""
529,102,"BF2300D","SFL","SBUD","0534000","",""
529,102,"BF2300D","SFL","SINV0","0601676","",""
529,102,"BF2300D","SFL","SINV1","0601676","",""
529,102,"BF2300D","SFL","SINV2","0601676","",""
529,102,"BF2300D","SFL","SINV3","0580010","",""
529,102,"BF2300D","SFL","SINV4","0580684","",""
529,102,"BF2300D","SFL","SINV5","0578486","",""
529,102,"BF2300D","SFL","SRTOHLD","0042","",""
529,102,"BF2300D","SFL","STURN","0125","",""
529,103,"BF2300D","SFL","*KEY","F11","",""
529,103,"BF2300D","SFL","SBUD","0458800","",""
529,103,"BF2300D","SFL","SINV0","0417998","",""
529,103,"BF2300D","SFL","SINV1","0417998","",""
529,103,"BF2300D","SFL","SINV2","0417998","",""
529,103,"BF2300D","SFL","SINV3","0458811","",""
529,103,"BF2300D","SFL","SINV4","0456805","",""
529,103,"BF2300D","SFL","SINV5","0476744","",""
529,103,"BF2300D","SFL","SRTOHLD","0046","",""
529,103,"BF2300D","SFL","STURN","0114","",""
529,104,"BF2300D","SFL","*KEY","F11","",""
529,104,"BF2300D","SFL","SBUD","0560200","",""
529,104,"BF2300D","SFL","SINV0","0551403","",""
529,104,"BF2300D","SFL","SINV1","0551403","",""
529,104,"BF2300D","SFL","SINV2","0551403","",""
529,104,"BF2300D","SFL","SINV3","0544813","",""
529,104,"BF2300D","SFL","SINV4","0577817","",""
529,104,"BF2300D","SFL","SINV5","0600511","",""
529,104,"BF2300D","SFL","SRTOHLD","0050","",""
529,104,"BF2300D","SFL","STURN","0104","",""
529,105,"BF2300D","SFL","*KEY","F11","",""
529,105,"BF2300D","SFL","SBUD","0529800","",""
529,105,"BF2300D","SFL","SINV0","0573251","",""
529,105,"BF2300D","SFL","SINV1","0573251","",""
529,105,"BF2300D","SFL","SINV2","0573251","",""
529,105,"BF2300D","SFL","SINV3","0576145","",""
529,105,"BF2300D","SFL","SINV4","0575609","",""
529,105,"BF2300D","SFL","SINV5","0576225","",""
529,105,"BF2300D","SFL","SRTOHLD","0051","",""
529,105,"BF2300D","SFL","STURN","0101","",""
529,106,"BF2300D","SFL","*KEY","F11","",""
529,106,"BF2300D","SFL","SBUD","0495700","",""
529,106,"BF2300D","SFL","SINV0","0452251","",""
529,106,"BF2300D","SFL","SINV1","0452251","",""
529,106,"BF2300D","SFL","SINV2","0452251","",""
529,106,"BF2300D","SFL","SINV3","0445304","",""
